run_id,folder_id
run_index_0,1i52644v1i52644v0i174295v1i0v0i82129v0i328595v0i739766x001
run_index_1,1i52644v1i52644v0i174295v1i0v0i82129v0i328595v0i739766x002
run_index_2,1i52644v1i52644v0i174295v1i0v0i82129v0i328595v0i739766x003
run_index_3,1i52644v1i52644v0i174295v1i0v0i82129v0i328595v0i739766x004
run_index_4,1i52644v1i52644v0i174295v1i0v0i82129v0i328595v0i739766x005
run_index_5,0i971894v0i971894v0i224395v1i0v0i350178v0i503711v0i651676x001
run_index_6,0i971894v0i971894v0i224395v1i0v0i350178v0i503711v0i651676x002
run_index_7,0i971894v0i971894v0i224395v1i0v0i350178v0i503711v0i651676x003
run_index_8,0i971894v0i971894v0i224395v1i0v0i350178v0i503711v0i651676x004
run_index_9,0i971894v0i971894v0i224395v1i0v0i350178v0i503711v0i651676x005
run_index_10,1i228636v1i228636v0i240675v1i0v0i551643v0i09832v0i495293x001
run_index_11,1i228636v1i228636v0i240675v1i0v0i551643v0i09832v0i495293x002
run_index_12,1i228636v1i228636v0i240675v1i0v0i551643v0i09832v0i495293x003
run_index_13,1i228636v1i228636v0i240675v1i0v0i551643v0i09832v0i495293x004
run_index_14,1i228636v1i228636v0i240675v1i0v0i551643v0i09832v0i495293x005
run_index_15,0i749912v0i749912v0i196605v1i0v0i411126v0i867404v0i472097x001
run_index_16,0i749912v0i749912v0i196605v1i0v0i411126v0i867404v0i472097x002
run_index_17,0i749912v0i749912v0i196605v1i0v0i411126v0i867404v0i472097x003
run_index_18,0i749912v0i749912v0i196605v1i0v0i411126v0i867404v0i472097x004
run_index_19,0i749912v0i749912v0i196605v1i0v0i411126v0i867404v0i472097x005
run_index_20,1i081047v1i081047v0i171956v1i0v0i503589v0i939032v0i140146x001
run_index_21,1i081047v1i081047v0i171956v1i0v0i503589v0i939032v0i140146x002
run_index_22,1i081047v1i081047v0i171956v1i0v0i503589v0i939032v0i140146x003
run_index_23,1i081047v1i081047v0i171956v1i0v0i503589v0i939032v0i140146x004
run_index_24,1i081047v1i081047v0i171956v1i0v0i503589v0i939032v0i140146x005
run_index_25,1i163272v1i163272v0i182351v1i0v0i447867v0i822054v0i878754x001
run_index_26,1i163272v1i163272v0i182351v1i0v0i447867v0i822054v0i878754x002
run_index_27,1i163272v1i163272v0i182351v1i0v0i447867v0i822054v0i878754x003
run_index_28,1i163272v1i163272v0i182351v1i0v0i447867v0i822054v0i878754x004
run_index_29,1i163272v1i163272v0i182351v1i0v0i447867v0i822054v0i878754x005
run_index_30,1i351737v1i351737v0i206486v1i0v0i953385v0i221328v0i540037x001
run_index_31,1i351737v1i351737v0i206486v1i0v0i953385v0i221328v0i540037x002
run_index_32,1i351737v1i351737v0i206486v1i0v0i953385v0i221328v0i540037x003
run_index_33,1i351737v1i351737v0i206486v1i0v0i953385v0i221328v0i540037x004
run_index_34,1i351737v1i351737v0i206486v1i0v0i953385v0i221328v0i540037x005
run_index_35,0i758801v0i758801v0i194733v1i0v0i339715v0i286313v0i326024x001
run_index_36,0i758801v0i758801v0i194733v1i0v0i339715v0i286313v0i326024x002
run_index_37,0i758801v0i758801v0i194733v1i0v0i339715v0i286313v0i326024x003
run_index_38,0i758801v0i758801v0i194733v1i0v0i339715v0i286313v0i326024x004
run_index_39,0i758801v0i758801v0i194733v1i0v0i339715v0i286313v0i326024x005
run_index_40,1i204154v1i204154v0i18518v1i0v0i714242v0i618645v0i313054x001
run_index_41,1i204154v1i204154v0i18518v1i0v0i714242v0i618645v0i313054x002
run_index_42,1i204154v1i204154v0i18518v1i0v0i714242v0i618645v0i313054x003
run_index_43,1i204154v1i204154v0i18518v1i0v0i714242v0i618645v0i313054x004
run_index_44,1i204154v1i204154v0i18518v1i0v0i714242v0i618645v0i313054x005
run_index_45,1i663167v1i663167v0i240337v1i0v0i716299v0i580457v0i81677x001
run_index_46,1i663167v1i663167v0i240337v1i0v0i716299v0i580457v0i81677x002
run_index_47,1i663167v1i663167v0i240337v1i0v0i716299v0i580457v0i81677x003
run_index_48,1i663167v1i663167v0i240337v1i0v0i716299v0i580457v0i81677x004
run_index_49,1i663167v1i663167v0i240337v1i0v0i716299v0i580457v0i81677x005
run_index_50,0i957207v0i957207v0i201418v1i0v0i366836v0i781143v0i061807x001
run_index_51,0i957207v0i957207v0i201418v1i0v0i366836v0i781143v0i061807x002
run_index_52,0i957207v0i957207v0i201418v1i0v0i366836v0i781143v0i061807x003
run_index_53,0i957207v0i957207v0i201418v1i0v0i366836v0i781143v0i061807x004
run_index_54,0i957207v0i957207v0i201418v1i0v0i366836v0i781143v0i061807x005
run_index_55,1i314985v1i314985v0i203066v1i0v0i758087v0i993433v0i947359x001
run_index_56,1i314985v1i314985v0i203066v1i0v0i758087v0i993433v0i947359x002
run_index_57,1i314985v1i314985v0i203066v1i0v0i758087v0i993433v0i947359x003
run_index_58,1i314985v1i314985v0i203066v1i0v0i758087v0i993433v0i947359x004
run_index_59,1i314985v1i314985v0i203066v1i0v0i758087v0i993433v0i947359x005
run_index_60,1i44546v1i44546v0i167467v1i0v0i60697v0i542642v0i427856x001
run_index_61,1i44546v1i44546v0i167467v1i0v0i60697v0i542642v0i427856x002
run_index_62,1i44546v1i44546v0i167467v1i0v0i60697v0i542642v0i427856x003
run_index_63,1i44546v1i44546v0i167467v1i0v0i60697v0i542642v0i427856x004
run_index_64,1i44546v1i44546v0i167467v1i0v0i60697v0i542642v0i427856x005
run_index_65,0i972866v0i972866v0i232752v1i0v0i523177v0i724572v0i792292x001
run_index_66,0i972866v0i972866v0i232752v1i0v0i523177v0i724572v0i792292x002
run_index_67,0i972866v0i972866v0i232752v1i0v0i523177v0i724572v0i792292x003
run_index_68,0i972866v0i972866v0i232752v1i0v0i523177v0i724572v0i792292x004
run_index_69,0i972866v0i972866v0i232752v1i0v0i523177v0i724572v0i792292x005
run_index_70,1i454788v1i454788v0i180533v1i0v0i671534v0i042074v0i11431x001
run_index_71,1i454788v1i454788v0i180533v1i0v0i671534v0i042074v0i11431x002
run_index_72,1i454788v1i454788v0i180533v1i0v0i671534v0i042074v0i11431x003
run_index_73,1i454788v1i454788v0i180533v1i0v0i671534v0i042074v0i11431x004
run_index_74,1i454788v1i454788v0i180533v1i0v0i671534v0i042074v0i11431x005
run_index_75,0i949701v0i949701v0i177016v1i0v0i474446v0i010831v0i592208x001
run_index_76,0i949701v0i949701v0i177016v1i0v0i474446v0i010831v0i592208x002
run_index_77,0i949701v0i949701v0i177016v1i0v0i474446v0i010831v0i592208x003
run_index_78,0i949701v0i949701v0i177016v1i0v0i474446v0i010831v0i592208x004
run_index_79,0i949701v0i949701v0i177016v1i0v0i474446v0i010831v0i592208x005
run_index_80,0i917227v0i917227v0i187143v1i0v0i56709v0i382638v0i915224x001
run_index_81,0i917227v0i917227v0i187143v1i0v0i56709v0i382638v0i915224x002
run_index_82,0i917227v0i917227v0i187143v1i0v0i56709v0i382638v0i915224x003
run_index_83,0i917227v0i917227v0i187143v1i0v0i56709v0i382638v0i915224x004
run_index_84,0i917227v0i917227v0i187143v1i0v0i56709v0i382638v0i915224x005
run_index_85,0i865863v0i865863v0i212713v1i0v0i471151v0i401673v0i022284x001
run_index_86,0i865863v0i865863v0i212713v1i0v0i471151v0i401673v0i022284x002
run_index_87,0i865863v0i865863v0i212713v1i0v0i471151v0i401673v0i022284x003
run_index_88,0i865863v0i865863v0i212713v1i0v0i471151v0i401673v0i022284x004
run_index_89,0i865863v0i865863v0i212713v1i0v0i471151v0i401673v0i022284x005
run_index_90,1i181638v1i181638v0i20924v1i0v0i42844v0i243866v0i210473x001
run_index_91,1i181638v1i181638v0i20924v1i0v0i42844v0i243866v0i210473x002
run_index_92,1i181638v1i181638v0i20924v1i0v0i42844v0i243866v0i210473x003
run_index_93,1i181638v1i181638v0i20924v1i0v0i42844v0i243866v0i210473x004
run_index_94,1i181638v1i181638v0i20924v1i0v0i42844v0i243866v0i210473x005
run_index_95,0i904505v0i904505v0i24832v1i0v0i406297v0i646292v0i252621x001
run_index_96,0i904505v0i904505v0i24832v1i0v0i406297v0i646292v0i252621x002
run_index_97,0i904505v0i904505v0i24832v1i0v0i406297v0i646292v0i252621x003
run_index_98,0i904505v0i904505v0i24832v1i0v0i406297v0i646292v0i252621x004
run_index_99,0i904505v0i904505v0i24832v1i0v0i406297v0i646292v0i252621x005
run_index_100,0i835115v0i835115v0i170239v1i0v0i356131v0i703055v0i600736x001
run_index_101,0i835115v0i835115v0i170239v1i0v0i356131v0i703055v0i600736x002
run_index_102,0i835115v0i835115v0i170239v1i0v0i356131v0i703055v0i600736x003
run_index_103,0i835115v0i835115v0i170239v1i0v0i356131v0i703055v0i600736x004
run_index_104,0i835115v0i835115v0i170239v1i0v0i356131v0i703055v0i600736x005
run_index_105,0i95865v0i95865v0i190127v1i0v0i38299v0i180614v0i966796x001
run_index_106,0i95865v0i95865v0i190127v1i0v0i38299v0i180614v0i966796x002
run_index_107,0i95865v0i95865v0i190127v1i0v0i38299v0i180614v0i966796x003
run_index_108,0i95865v0i95865v0i190127v1i0v0i38299v0i180614v0i966796x004
run_index_109,0i95865v0i95865v0i190127v1i0v0i38299v0i180614v0i966796x005
run_index_110,1i572429v1i572429v0i229339v1i0v0i914368v0i446643v0i184701x001
run_index_111,1i572429v1i572429v0i229339v1i0v0i914368v0i446643v0i184701x002
run_index_112,1i572429v1i572429v0i229339v1i0v0i914368v0i446643v0i184701x003
run_index_113,1i572429v1i572429v0i229339v1i0v0i914368v0i446643v0i184701x004
run_index_114,1i572429v1i572429v0i229339v1i0v0i914368v0i446643v0i184701x005
run_index_115,1i410825v1i410825v0i216905v1i0v0i617249v0i882601v0i37313x001
run_index_116,1i410825v1i410825v0i216905v1i0v0i617249v0i882601v0i37313x002
run_index_117,1i410825v1i410825v0i216905v1i0v0i617249v0i882601v0i37313x003
run_index_118,1i410825v1i410825v0i216905v1i0v0i617249v0i882601v0i37313x004
run_index_119,1i410825v1i410825v0i216905v1i0v0i617249v0i882601v0i37313x005
run_index_120,0i747963v0i747963v0i222911v1i0v0i395117v0i128829v0i690946x001
run_index_121,0i747963v0i747963v0i222911v1i0v0i395117v0i128829v0i690946x002
run_index_122,0i747963v0i747963v0i222911v1i0v0i395117v0i128829v0i690946x003
run_index_123,0i747963v0i747963v0i222911v1i0v0i395117v0i128829v0i690946x004
run_index_124,0i747963v0i747963v0i222911v1i0v0i395117v0i128829v0i690946x005
run_index_125,0i998304v0i998304v0i178371v1i0v0i505529v0i899042v0i763058x001
run_index_126,1i214272v1i214272v0i193819v1i0v0i679987v0i116289v0i833949x001
run_index_127,1i232618v1i232618v0i173281v1i0v0i801682v0i167096v0i137859x001
run_index_128,1i287165v1i287165v0i230822v1i0v0i576081v0i345382v0i939342x001
run_index_129,1i220104v1i220104v0i18019v1i0v0i454276v0i600286v0i103601x001
run_index_130,1i072355v1i072355v0i189052v1i0v0i51082v0i307434v0i168903x001
run_index_131,0i93429v0i93429v0i174155v1i0v0i342931v0i130109v0i350397x001
run_index_132,1i208789v1i208789v0i247022v1i0v0i480755v0i740556v0i630128x001
run_index_133,1i276829v1i276829v0i170762v1i0v0i639946v0i679402v0i974127x001
run_index_134,1i794168v1i794168v0i201857v1i0v0i835803v0i552546v0i300185x001
run_index_135,0i85227v0i85227v0i24165v1i0v0i425849v0i063256v0i272657x001
run_index_136,1i235031v1i235031v0i218956v1i0v0i644208v0i494644v0i649127x001
run_index_137,1i716208v1i716208v0i213091v1i0v0i906311v0i025798v0i572359x001
run_index_138,1i055972v1i055972v0i205518v1i0v0i465759v0i716623v0i45197x001
run_index_139,1i055203v1i055203v0i184222v1i0v0i375332v0i980828v0i363898x001
run_index_140,0i933377v0i933377v0i189743v1i0v0i590408v0i856923v0i038654x001
run_index_141,1i546679v1i546679v0i210941v1i0v0i996959v0i942319v0i2292x001
run_index_142,1i021036v1i021036v0i181348v1i0v0i413883v0i412106v0i559667x001
run_index_143,0i779543v0i779543v0i168812v1i0v0i408901v0i366076v0i746316x001
run_index_144,1i098328v1i098328v0i225962v1i0v0i72822v0i830055v0i407452x001
run_index_145,0i959682v0i959682v0i220105v1i0v0i391606v0i769957v0i889458x001
run_index_146,0i678788v0i678788v0i237936v1i0v0i342306v0i579123v0i508621x001
run_index_147,1i326273v1i326273v0i19742v1i0v0i537096v0i233663v0i681213x001
run_index_148,0i908628v0i908628v0i235768v1i0v0i368878v0i257065v0i053255x001
run_index_149,0i755941v0i755941v0i200175v1i0v0i358873v0i455588v0i849008x001
run_index_150,1i163078v1i163078v0i169804v1i0v0i487896v0i14498v0i804322x001
run_index_151,0i936922v0i936922v0i199139v1i0v0i441068v0i265145v0i67884x001
run_index_152,1i579797v1i579797v0i178729v1i0v0i965337v0i050432v0i469235x001
run_index_153,0i735565v0i735565v0i186072v1i0v0i378298v0i775401v0i956989x001
run_index_154,0i80638v0i80638v0i209194v1i0v0i364051v0i954586v0i712428x001
run_index_155,1i584576v1i584576v0i191557v1i0v0i748471v0i435083v0i985081x001
run_index_156,0i983223v0i983223v0i226686v1i0v0i540065v0i359024v0i416371x001
run_index_157,1i773442v1i773442v0i175252v1i0v0i850534v0i906222v0i786935x001
run_index_158,1i542179v1i542179v0i187666v1i0v0i79143v0i750904v0i537104x001
run_index_159,1i023204v1i023204v0i221538v1i0v0i346877v0i62829v0i123428x001
run_index_160,0i839319v0i839319v0i214395v1i0v0i336598v0i173788v0i72183x001
run_index_161,0i941434v0i941434v0i245965v1i0v0i435692v0i390366v0i850356x001
run_index_162,1i336875v1i336875v0i198372v1i0v0i57006v0i473143v0i008083x001
run_index_163,1i102232v1i102232v0i227656v1i0v0i602388v0i687692v0i080243x001
run_index_164,1i084069v1i084069v0i193534v1i0v0i632313v0i976159v0i615143x001
run_index_165,0i892634v0i892634v0i166882v1i0v0i49034v0i565564v0i194144x001
run_index_166,1i191751v1i191751v0i232411v1i0v0i46002v0i812207v0i071166x001
run_index_167,1i329139v1i329139v0i217499v1i0v0i519194v0i519553v0i48168x001
run_index_168,0i849707v0i849707v0i171413v1i0v0i417184v0i20592v0i24612x001
run_index_169,1i324854v1i324854v0i244368v1i0v0i656567v0i879446v0i898578x001
run_index_170,1i417333v1i417333v0i208058v1i0v0i700115v0i297284v0i391278x001
run_index_171,1i192069v1i192069v0i238245v1i0v0i876393v0i082581v0i292879x001
run_index_172,0i90429v0i90429v0i183311v1i0v0i385708v0i665277v0i232499x001
run_index_173,1i034845v1i034845v0i203866v1i0v0i399414v0i000813v0i566255x001
run_index_174,0i678005v0i678005v0i177471v1i0v0i353099v0i538435v0i345284x001
run_index_175,1i549135v1i549135v0i236114v1i0v0i883478v0i279106v0i751504x001
run_index_176,1i122891v1i122891v0i195947v1i0v0i401612v0i635032v0i623904x001
run_index_177,1i116339v1i116339v0i229875v1i0v0i693655v0i312223v0i868057x001
run_index_178,0i972725v0i972725v0i191971v1i0v0i58729v0i197088v0i387557x001
run_index_179,0i857365v0i857365v0i223346v1i0v0i334232v0i808239v0i335297x001
run_index_180,1i131323v1i131323v0i176634v1i0v0i780744v0i795299v0i525577x001
run_index_181,1i530635v1i530635v0i16781v1i0v0i745024v0i915478v0i282515x001
run_index_182,1i466894v1i466894v0i192779v1i0v0i819289v0i65324v0i011212x001
run_index_183,0i793149v0i793149v0i214599v1i0v0i457506v0i523979v0i662738x001
run_index_184,1i316304v1i316304v0i175864v1i0v0i496352v0i460231v0i77546x001
run_index_185,0i754723v0i754723v0i182839v1i0v0i3795v0i920054v0i044963x001
run_index_186,1i244592v1i244592v0i220828v1i0v0i662487v0i151413v0i097009x001
run_index_187,1i289682v1i289682v0i206931v1i0v0i545564v0i733014v0i990813x001
run_index_188,0i982685v0i982685v0i185617v1i0v0i442737v0i480308v0i926958x001
run_index_189,1i247232v1i247232v0i179242v1i0v0i480928v0i07339v0i442011x001
run_index_190,1i62464v1i62464v0i204562v1i0v0i933795v0i595584v0i820418x001
run_index_191,0i982616v0i982616v0i188273v1i0v0i389402v0i034587v0i159956x001
run_index_192,1i054651v1i054651v0i234083v1i0v0i420698v0i372149v0i434858x001
run_index_193,0i801241v0i801241v0i249162v1i0v0i359729v0i212026v0i587741x001
run_index_194,0i765129v0i765129v0i211181v1i0v0i372258v0i697893v0i173672x001
run_index_195,0i750337v0i750337v0i172522v1i0v0i347409v0i100259v0i903736x001
run_index_196,1i153583v1i153583v0i216332v1i0v0i432984v0i964901v0i706238x001
run_index_197,1i020278v1i020278v0i199984v1i0v0i531147v0i849376v0i263847x001
run_index_198,1i10284v1i10284v0i169049v1i0v0i556972v0i425286v0i510781x001
run_index_199,1i431465v1i431465v0i243257v1i0v0i622046v0i330108v0i207425x001
